{
  "products": [
    {
      "uuid": "45688cd6-7a27-4a7b-89c5-a9b604eefe2f",
      "product": "Lettuce - Treviso",
      "price": "0.99"
    },
    {
      "uuid": "9a118e4d-821a-44c7-accc-fa99ac4be01a",
      "product": "Fenngreek Seed",
      "price": "5.22"
    },
    {
      "uuid": "29587bee-7642-43bd-a635-076b18995f39",
      "product": "Beans - Kidney, Canned",
      "price": "4.67"
    },
    {
      "uuid": "a2933e23-5521-4361-90f0-4ffa9b7d1de0",
      "product": "Almonds Ground Blanched",
      "price": "7.48"
    },
    {
      "uuid": "87c3bde9-5590-4db1-a62e-74b6a649e9d5",
      "product": "Pasta - Penne Primavera, Single",
      "price": "7.83"
    },
    {
      "uuid": "0bae82e9-3a85-4f37-8ad4-feba28bac1c4",
      "product": "Plasticspoonblack",
      "price": "5.17"
    },
    {
      "uuid": "ed509145-bf2a-4ec3-80c5-2c3bb73a9fb6",
      "product": "Sugar - Invert",
      "price": "6.49"
    },
    {
      "uuid": "f1991b8d-61ba-4748-9667-18abdf609c5f",
      "product": "Squid - Breaded",
      "price": "6.01"
    },
    {
      "uuid": "f5e66310-78b4-42c4-95e2-c0a9c8faa319",
      "product": "Kellogs All Bran Bars",
      "price": "7.27"
    },
    {
      "uuid": "3714c3e3-3e37-4ec5-a62a-9570a1357b9d",
      "product": "Pasta - Orzo, Dry",
      "price": "7.21"
    },
    {
      "uuid": "0d99e436-6feb-4b77-845a-8b20d43dbf60",
      "product": "Sour Puss Raspberry",
      "price": "2.27"
    },
    {
      "uuid": "d67cca15-5bdf-4c92-8427-9e794d85939a",
      "product": "Versatainer Nc - 8288",
      "price": "0.83"
    },
    {
      "uuid": "d2490a0f-1253-4176-a40e-803d8bfc9eda",
      "product": "Table Cloth 120 Round White",
      "price": "2.39"
    },
    {
      "uuid": "f9807d2e-2ab9-4ed3-9176-574abe87f8ff",
      "product": "Kellogs Raisan Bran Bars",
      "price": "3.32"
    },
    {
      "uuid": "8402e2b4-ab65-49ea-8923-be46332c0897",
      "product": "Chocolate - Liqueur Cups With Foil",
      "price": "3.04"
    },
    {
      "uuid": "41e19236-e67c-4521-b2f6-e6baf328298d",
      "product": "Transfer Sheets",
      "price": "2.65"
    },
    {
      "uuid": "6fc0e66f-f725-432b-bb9c-a0b2c00de9c0",
      "product": "Potato - Sweet",
      "price": "6.76"
    },
    {
      "uuid": "92fbddcb-77f2-4d56-b33f-562148725bbc",
      "product": "Sage - Fresh",
      "price": "7.99"
    },
    {
      "uuid": "1dd30aa8-382e-445b-bf42-5e312419aef3",
      "product": "Tea - Darjeeling, Azzura",
      "price": "7.76"
    },
    {
      "uuid": "a8d9ce18-5bf0-4b1d-970b-60febd21f991",
      "product": "Wine La Vielle Ferme Cote Du",
      "price": "6.78"
    },
    {
      "uuid": "15c90ac6-3b58-4345-bd17-94fbdac041ba",
      "product": "Pickle - Dill",
      "price": "7.94"
    },
    {
      "uuid": "1fb25862-426c-4ed3-b3f3-4d8752a3cb25",
      "product": "Bread - Burger",
      "price": "7.04"
    },
    {
      "uuid": "8d1b9380-108e-4ec6-b9aa-d5c760ba385c",
      "product": "Turnip - Wax",
      "price": "8.97"
    },
    {
      "uuid": "80be428c-3cf5-4f41-9129-3c095154333b",
      "product": "Ice Cream - Turtles Stick Bar",
      "price": "7.18"
    },
    {
      "uuid": "330882d9-3445-4876-af94-2d8e7da22c9f",
      "product": "Mace Ground",
      "price": "0.31"
    },
    {
      "uuid": "5116e76c-f7ec-4a4b-ba51-23c0416d1df3",
      "product": "Wine - Ej Gallo Sonoma",
      "price": "8.11"
    },
    {
      "uuid": "192c1497-27ec-4445-b926-8f8299c48473",
      "product": "Butter - Unsalted",
      "price": "7.02"
    },
    {
      "uuid": "1110f12b-94b2-4023-bc50-d269c8e166cb",
      "product": "Wine - Clavet Saint Emilion",
      "price": "0.67"
    },
    {
      "uuid": "74f96ac4-d223-45df-85db-555815bc3430",
      "product": "Pasta - Detalini, White, Fresh",
      "price": "5.91"
    },
    {
      "uuid": "91b447b0-0a0c-4add-97b9-ded42182f757",
      "product": "Trout - Rainbow, Fresh",
      "price": "1.87"
    },
    {
      "uuid": "814ad27f-3abf-4cbb-88a4-1fdfd21891b5",
      "product": "Thyme - Dried",
      "price": "7.16"
    },
    {
      "uuid": "e916b8d9-d92a-493f-adec-90394162c8ed",
      "product": "Vinegar - Sherry",
      "price": "6.19"
    },
    {
      "uuid": "32c32907-491e-49c7-a7f4-9b3d9146b495",
      "product": "Wine - Red, Pelee Island Merlot",
      "price": "5.17"
    },
    {
      "uuid": "4a51985c-3f86-4261-8e52-655f827d614e",
      "product": "Tortillas - Flour, 10",
      "price": "3.02"
    },
    {
      "uuid": "ed237ea7-a587-4fa3-8703-d20142df3eb1",
      "product": "Muffin Puck Ww Carrot",
      "price": "5.82"
    },
    {
      "uuid": "0f1f1470-84dc-4eda-969c-68d77199cd8d",
      "product": "Wine - Piper Heidsieck Brut",
      "price": "4.64"
    },
    {
      "uuid": "9ac2bea1-b652-43bd-8a9f-204cabc05249",
      "product": "Dragon Fruit",
      "price": "9.14"
    },
    {
      "uuid": "4ebcda36-1b52-4aa4-86ee-9425066ca81d",
      "product": "Apple - Fuji",
      "price": "1.08"
    },
    {
      "uuid": "0203c862-44e2-4f3a-b12b-b6eba57c2b3f",
      "product": "Cheese - Comte",
      "price": "3.68"
    },
    {
      "uuid": "3f90de20-5ce9-40a7-98ef-6540c84f4022",
      "product": "Appetizer - Escargot Puff",
      "price": "2.12"
    },
    {
      "uuid": "35d20f25-4853-4118-9888-7e1a5ae8de44",
      "product": "Basil - Thai",
      "price": "7.89"
    },
    {
      "uuid": "4d71e253-2c17-4d9e-a2fe-1e7ca49b71c7",
      "product": "Nut - Walnut, Pieces",
      "price": "3.28"
    },
    {
      "uuid": "f65a0afd-c8c1-4328-9f69-df3afbe6aa4f",
      "product": "Lettuce - Romaine, Heart",
      "price": "3.31"
    },
    {
      "uuid": "b42fcb7e-ce93-42f7-a8d8-f95b824f997c",
      "product": "Fondant - Icing",
      "price": "5.48"
    },
    {
      "uuid": "a723edb7-42ca-487c-b7a4-7194af2b1342",
      "product": "Lemonade - Natural, 591 Ml",
      "price": "0.13"
    },
    {
      "uuid": "2f13ef19-dc75-41e9-9871-26f619a93ee5",
      "product": "Beans - Yellow",
      "price": "3.23"
    },
    {
      "uuid": "036bb5c2-4f90-4ba2-b18c-beba00743985",
      "product": "Bread - Assorted Rolls",
      "price": "4.56"
    },
    {
      "uuid": "4e3817d9-c471-4e42-83d7-947f58b946ac",
      "product": "Pasta - Fusili, Dry",
      "price": "9.68"
    },
    {
      "uuid": "23c62577-98df-48c5-b5e8-126bf91002fa",
      "product": "Table Cloth 72x144 White",
      "price": "5.42"
    },
    {
      "uuid": "cf7ef81e-1085-4de5-803e-3f8c1a263269",
      "product": "Cheese - Mozzarella",
      "price": "1.28"
    },
    {
      "uuid": "df1aa8ef-cc86-4a35-9c80-dfff7bbdf6b2",
      "product": "Vinegar - White",
      "price": "2.69"
    },
    {
      "uuid": "0200763f-7a9f-47c3-89b1-c46786960696",
      "product": "Glycerine",
      "price": "3.48"
    },
    {
      "uuid": "65d86743-2c78-4459-a901-027791d76928",
      "product": "Rappini - Andy Boy",
      "price": "3.70"
    },
    {
      "uuid": "7f2c4803-025b-4aeb-bb7f-dc8760cef8e9",
      "product": "Foil Wrap",
      "price": "0.96"
    },
    {
      "uuid": "005315b9-12da-4643-8944-31491badac36",
      "product": "Ice Cream - Fudge Bars",
      "price": "3.17"
    },
    {
      "uuid": "65824156-c69e-4a33-8395-43b780fd5527",
      "product": "Pork - Back, Long Cut, Boneless",
      "price": "9.96"
    },
    {
      "uuid": "1b778fb4-1c82-422d-85cb-3ce30ab40395",
      "product": "Sauce - Plum",
      "price": "1.09"
    },
    {
      "uuid": "640021d7-a865-475b-97fd-ee5f77fb337d",
      "product": "Flower - Daisies",
      "price": "6.94"
    },
    {
      "uuid": "a86d31ce-881e-4a12-a5f3-ebb95af31c28",
      "product": "Wine - White, Ej Gallo",
      "price": "2.23"
    },
    {
      "uuid": "9f7b1f07-d3c9-4bd3-a785-4ce9a3947f00",
      "product": "Sardines",
      "price": "6.81"
    },
    {
      "uuid": "e0475ac2-db32-4b43-b62b-3a4d1274d08a",
      "product": "Turkey - Breast, Bone - In",
      "price": "8.53"
    },
    {
      "uuid": "f6767cb2-3015-46cf-b2fa-f48b9115ec8f",
      "product": "Langers - Ruby Red Grapfruit",
      "price": "7.09"
    },
    {
      "uuid": "1bf0cd7e-b04b-4041-8711-50deacb1dabb",
      "product": "Filter - Coffee",
      "price": "5.81"
    },
    {
      "uuid": "1e18126a-0bbf-4baf-aab8-8211bd462662",
      "product": "Fruit Salad Deluxe",
      "price": "6.08"
    },
    {
      "uuid": "d4d6e1c0-db6d-4e6f-879d-d35b0c9fad68",
      "product": "Soup - Canadian Pea, Dry Mix",
      "price": "4.95"
    },
    {
      "uuid": "c40f2545-f5df-4dca-9581-dddcfcdee134",
      "product": "Ecolab - Balanced Fusion",
      "price": "5.84"
    },
    {
      "uuid": "3f00e053-a152-4f89-a24d-57ac8d659e77",
      "product": "Cheese - Mozzarella, Buffalo",
      "price": "2.46"
    },
    {
      "uuid": "dd023543-cfbf-470a-bc48-43e4510f78da",
      "product": "Oil - Hazelnut",
      "price": "3.19"
    },
    {
      "uuid": "7eb992fd-135a-4480-bc4b-8db6282b421a",
      "product": "Papayas",
      "price": "2.95"
    },
    {
      "uuid": "984a0df2-80af-456f-b0b2-1737005c1415",
      "product": "Five Alive Citrus",
      "price": "5.71"
    },
    {
      "uuid": "83448704-9b92-43c2-894a-44ae97504bd4",
      "product": "Oil - Sesame",
      "price": "2.11"
    },
    {
      "uuid": "dd4fc8ee-3e36-4cd4-8447-db46321f482b",
      "product": "The Pop Shoppe - Grape",
      "price": "5.07"
    },
    {
      "uuid": "fa81db94-8859-477e-9039-152ba28236f8",
      "product": "Pimento - Canned",
      "price": "1.15"
    },
    {
      "uuid": "4b5fd37a-cf16-43fd-a971-bc192d4313ab",
      "product": "Tea - Black Currant",
      "price": "1.25"
    },
    {
      "uuid": "aa79d82b-032e-4828-b34b-fbff47c27a84",
      "product": "Cheese - Feta",
      "price": "0.38"
    },
    {
      "uuid": "38349aa2-0395-4d94-8922-c2c5c1f1de42",
      "product": "Basil - Seedlings Cookstown",
      "price": "1.06"
    },
    {
      "uuid": "ed26eefa-c4cc-4b04-85be-2ab16c465b02",
      "product": "Chips - Doritos",
      "price": "0.88"
    },
    {
      "uuid": "ee460335-a397-4d63-b0f6-ca7f3ad39c1b",
      "product": "Flour - Rye",
      "price": "3.75"
    },
    {
      "uuid": "9c5f9f58-c5d6-472a-be81-2a54227f7f6a",
      "product": "Chives - Fresh",
      "price": "6.75"
    },
    {
      "uuid": "28c0d2c5-302b-4e35-b407-4a794d6635a9",
      "product": "Sweet Pea Sprouts",
      "price": "4.87"
    },
    {
      "uuid": "60869700-de13-4d40-9c34-493873dadf80",
      "product": "Coffee - Frthy Coffee Crisp",
      "price": "2.28"
    },
    {
      "uuid": "2f827831-cdfa-46a8-93de-3a14bd79e20d",
      "product": "Bread - French Stick",
      "price": "4.61"
    },
    {
      "uuid": "821a42e1-6d9c-4ae7-bb77-1dd3e29f5d3e",
      "product": "Chocolate Bar - Oh Henry",
      "price": "5.69"
    },
    {
      "uuid": "8e1a89cf-df41-4129-a090-241275589f6a",
      "product": "Wine - Prem Select Charddonany",
      "price": "6.52"
    },
    {
      "uuid": "0ee691ec-67c2-4597-995d-0a10db15dcba",
      "product": "Kiwi Gold Zespri",
      "price": "0.71"
    },
    {
      "uuid": "8eb2f064-b9b0-44df-918f-b6e953a2accf",
      "product": "Gherkin",
      "price": "0.63"
    },
    {
      "uuid": "348401d0-ddf8-4543-b8ab-3809f25ef039",
      "product": "Bread - Olive Dinner Roll",
      "price": "2.21"
    },
    {
      "uuid": "47732823-d29a-4a68-b3d1-3ba55e67288e",
      "product": "Coffee - Irish Cream",
      "price": "1.00"
    },
    {
      "uuid": "83ed2331-2183-4b35-bbe2-ebf03db88e57",
      "product": "Dill - Primerba, Paste",
      "price": "5.46"
    },
    {
      "uuid": "659bcf3a-7a4b-49db-ad3f-d8e93bf064f7",
      "product": "Veal - Osso Bucco",
      "price": "5.59"
    },
    {
      "uuid": "027766fb-4f76-4562-a522-9942a79e7640",
      "product": "Coffee Caramel Biscotti",
      "price": "9.37"
    },
    {
      "uuid": "32624998-09ee-4436-88b7-90e9f07f5ac4",
      "product": "Fiddlehead - Frozen",
      "price": "0.04"
    },
    {
      "uuid": "11ed346e-b754-4aad-9d16-719891f16e72",
      "product": "Wine - Red, Mosaic Zweigelt",
      "price": "9.85"
    },
    {
      "uuid": "1e410cb4-9810-4d53-b47f-7d9afae84ba0",
      "product": "Cauliflower",
      "price": "6.65"
    },
    {
      "uuid": "c55b93e4-4da5-491f-b069-1b560cc3c2bd",
      "product": "Rabbit - Saddles",
      "price": "2.87"
    },
    {
      "uuid": "c6e1e58b-5aff-4c8b-bf4e-5f29b4cd1486",
      "product": "Cape Capensis - Fillet",
      "price": "9.81"
    },
    {
      "uuid": "7feafa8e-f685-4bd7-be27-1cfad3141e44",
      "product": "Versatainer Nc - 888",
      "price": "2.13"
    },
    {
      "uuid": "166043ce-06fb-44f0-a8b7-b3d9cfe05cc4",
      "product": "Vol Au Vents",
      "price": "2.33"
    },
    {
      "uuid": "1ab5f46e-682d-45ba-be12-acd70ca5d644",
      "product": "Chicken - Leg / Back Attach",
      "price": "6.63"
    },
    {
      "uuid": "121d46b6-38f6-4e09-ad93-cc3234751f02",
      "product": "Edible Flower - Mixed",
      "price": "2.57"
    },
    {
      "uuid": "14fb070a-53d0-48c8-95cc-b00bf204caaa",
      "product": "Split Peas - Green, Dry",
      "price": "4.26"
    },
    {
      "uuid": "1d5aa6c3-ca45-4b94-9756-b14a810b86ae",
      "product": "Wine - White, Chardonnay",
      "price": "2.56"
    },
    {
      "uuid": "a841b4a5-1889-4c9a-a7fa-69e3276a4ed6",
      "product": "Celery Root",
      "price": "5.49"
    },
    {
      "uuid": "f3099e47-18ce-494a-8df9-433ee7a5ec4f",
      "product": "Pastry - Banana Tea Loaf",
      "price": "3.20"
    },
    {
      "uuid": "df782dfc-1aa7-4092-bbe8-5faaffbf63c0",
      "product": "Nori Sea Weed",
      "price": "6.50"
    },
    {
      "uuid": "b208bf74-279e-4670-b92d-ea5adad254d6",
      "product": "Brandy - Orange, Mc Guiness",
      "price": "7.27"
    },
    {
      "uuid": "d3184d1a-d18e-416b-8ffd-f2f7dd2ae2bc",
      "product": "Carbonated Water - White Grape",
      "price": "5.79"
    },
    {
      "uuid": "bf29d7a2-49aa-414b-9745-6322fe92d254",
      "product": "Pasta - Orzo, Dry",
      "price": "1.28"
    },
    {
      "uuid": "1aa9790a-8979-4f5e-8528-329afa17527f",
      "product": "Bread - Crumbs, Bulk",
      "price": "5.55"
    },
    {
      "uuid": "5de91aaa-7441-407e-a4cb-962c5da2d4d6",
      "product": "Cheese Cloth No 100",
      "price": "9.37"
    },
    {
      "uuid": "c15f9d67-f017-47f3-a29a-4ba5a00a7ca7",
      "product": "Lemon Pepper",
      "price": "4.86"
    },
    {
      "uuid": "455465f9-2ecc-4b3b-8a6e-65d0369d299b",
      "product": "Squash - Guords",
      "price": "2.33"
    },
    {
      "uuid": "eaef2da8-716a-4ce9-a224-8b348b258b65",
      "product": "Puree - Blackcurrant",
      "price": "9.69"
    },
    {
      "uuid": "f7b34974-8e71-4f4b-b09f-a95feb758364",
      "product": "Mop Head - Cotton, 24 Oz",
      "price": "4.51"
    },
    {
      "uuid": "ec39a9fa-5b67-41fc-b39e-f7235163150d",
      "product": "Soup - Knorr, Country Bean",
      "price": "1.77"
    },
    {
      "uuid": "4af7d709-5b5d-43cc-a0fd-4e464e5879c6",
      "product": "Wine - Zonnebloem Pinotage",
      "price": "8.91"
    },
    {
      "uuid": "09cf66f5-4b7d-4bf3-8101-2f2be86e03e1",
      "product": "Pomegranates",
      "price": "1.99"
    },
    {
      "uuid": "3b1f08e0-2ea8-40a6-8214-9a22043f4990",
      "product": "Couscous",
      "price": "3.79"
    },
    {
      "uuid": "2197f583-39ff-45a6-b147-1e5ae75504ad",
      "product": "Chick Peas - Dried",
      "price": "1.67"
    },
    {
      "uuid": "c2033b40-a59f-40f8-a0fe-7bdc6daa7cdb",
      "product": "Pimento - Canned",
      "price": "0.57"
    },
    {
      "uuid": "367fa015-6dd8-44d1-a75e-e532f4141ccb",
      "product": "Island Oasis - Ice Cream Mix",
      "price": "0.48"
    },
    {
      "uuid": "834a2fde-b1d3-423c-b953-66a4e1f09816",
      "product": "Coffee - Dark Roast",
      "price": "2.41"
    },
    {
      "uuid": "a249051e-3a7b-4fe1-aada-adc355452633",
      "product": "Bread - Mini Hamburger Bun",
      "price": "0.91"
    },
    {
      "uuid": "2426240c-fb8b-4797-811c-fb8057fbd6c3",
      "product": "Turkey Leg With Drum And Thigh",
      "price": "1.11"
    },
    {
      "uuid": "d252f64c-36ea-4840-b310-91a5a4f4ddd3",
      "product": "Langers - Cranberry Cocktail",
      "price": "9.42"
    },
    {
      "uuid": "7149f7c5-3720-4ec5-a020-57219d4b3583",
      "product": "Soho Lychee Liqueur",
      "price": "8.81"
    },
    {
      "uuid": "d7ba1e0e-c351-4934-b39e-eefbcbcab318",
      "product": "Beef - Flank Steak",
      "price": "6.20"
    },
    {
      "uuid": "d7315103-67ae-4e7c-a991-3dd34f4baf64",
      "product": "Tuna - Yellowfin",
      "price": "1.67"
    },
    {
      "uuid": "f4ffb137-ad67-453a-8204-f4d49a47f744",
      "product": "Trout - Rainbow, Frozen",
      "price": "9.83"
    },
    {
      "uuid": "df71a921-742b-4c58-ae97-75e4ba8b25fb",
      "product": "Wine - Beaujolais Villages",
      "price": "6.25"
    },
    {
      "uuid": "ff8caf94-3ef8-4b2e-8be9-206bd95cf37f",
      "product": "Sugar - Monocystal / Rock",
      "price": "2.37"
    },
    {
      "uuid": "4213c20c-c57d-462b-9553-3ea9bbaa0e97",
      "product": "Cleaner - Bleach",
      "price": "7.58"
    },
    {
      "uuid": "bb61271f-980d-4054-b311-d0ed76de8958",
      "product": "Egg - Salad Premix",
      "price": "3.35"
    },
    {
      "uuid": "8d23852c-4c3d-4dad-b7de-d37c2f131aca",
      "product": "Bar Mix - Lemon",
      "price": "8.63"
    },
    {
      "uuid": "c7013a17-45ac-433d-b457-cb5fdc77157d",
      "product": "Pepper - Red Bell",
      "price": "2.10"
    },
    {
      "uuid": "eb695234-f5f2-4361-94c8-3657376620be",
      "product": "Tomatoes - Vine Ripe, Red",
      "price": "8.80"
    },
    {
      "uuid": "0b19c5e0-909e-46bd-be62-1d0cbdedf0c5",
      "product": "Oil - Safflower",
      "price": "7.68"
    },
    {
      "uuid": "9964452f-dbaf-4dfb-9a42-797b2bd53a44",
      "product": "Sea Urchin",
      "price": "0.25"
    },
    {
      "uuid": "88297ba0-0ded-43ee-a6e8-6f4363901f40",
      "product": "Currants",
      "price": "2.05"
    },
    {
      "uuid": "6ee368c0-5549-41d7-80fd-3693598c590a",
      "product": "Leeks - Large",
      "price": "3.66"
    },
    {
      "uuid": "869cc957-f403-4567-8cee-0b159ff7f4c2",
      "product": "Beer - Heinekin",
      "price": "4.11"
    },
    {
      "uuid": "2c0d1ad2-18fb-44fc-a140-552bdb15ad20",
      "product": "Bag - Clear 7 Lb",
      "price": "9.76"
    },
    {
      "uuid": "f23a1885-f1d3-4d40-be2f-a6c3dd9ca462",
      "product": "Guinea Fowl",
      "price": "7.98"
    },
    {
      "uuid": "555a13e4-5789-4295-bc98-b7730c4687cd",
      "product": "Greens Mustard",
      "price": "6.36"
    },
    {
      "uuid": "734b43d0-f2d0-41c0-b3e1-0dda76a64427",
      "product": "Venison - Denver Leg Boneless",
      "price": "7.05"
    },
    {
      "uuid": "818cbda9-8bb1-47a0-8bd8-70c43b8bb985",
      "product": "Nut - Almond, Blanched, Sliced",
      "price": "1.16"
    },
    {
      "uuid": "fab384e8-e34f-4afd-ab5f-cb5bf8ff6e9f",
      "product": "Sprouts - Baby Pea Tendrils",
      "price": "2.88"
    },
    {
      "uuid": "68078a99-6ec4-4ebb-b810-11d1bdf652cd",
      "product": "Wine - Acient Coast Caberne",
      "price": "9.41"
    },
    {
      "uuid": "6529f971-6487-4c72-997f-453bbb2490b0",
      "product": "Higashimaru Usukuchi Soy",
      "price": "4.47"
    },
    {
      "uuid": "c17cb584-d6c0-4dc1-92d6-ddaeb44c62f7",
      "product": "Lamb - Shoulder",
      "price": "0.88"
    },
    {
      "uuid": "4249f4c2-e7be-4699-be0c-1c5ee3b4ef49",
      "product": "Mints - Striped Red",
      "price": "7.56"
    },
    {
      "uuid": "75925afe-79c0-4b88-a0f1-81619e1abd19",
      "product": "Wine - Fume Blanc Fetzer",
      "price": "2.71"
    },
    {
      "uuid": "3699c760-d707-447d-9b4d-8a02c6d8df25",
      "product": "Brocolinni - Gaylan, Chinese",
      "price": "6.64"
    },
    {
      "uuid": "8755d69e-3ac8-41d9-84db-ed14d8f7832c",
      "product": "Sauce Bbq Smokey",
      "price": "7.06"
    },
    {
      "uuid": "87a5b424-39cd-4f7e-b591-1f00bdfe7fa7",
      "product": "Plasticforkblack",
      "price": "1.87"
    },
    {
      "uuid": "95d6a55c-4c1c-4d21-89a5-7cea6e56e25a",
      "product": "Table Cloth 53x69 White",
      "price": "9.43"
    },
    {
      "uuid": "a77535e9-d004-4dea-93e3-30f6d42519bb",
      "product": "Wine - Fontanafredda Barolo",
      "price": "4.35"
    },
    {
      "uuid": "84893b9f-85fc-42da-8da2-b89326fdca5a",
      "product": "Vegetable - Base",
      "price": "3.47"
    },
    {
      "uuid": "988d4f6e-7db6-451f-ab28-3f6e621008af",
      "product": "Chocolate - Chips Compound",
      "price": "6.44"
    },
    {
      "uuid": "850de447-c715-41c3-8168-596f6713bda8",
      "product": "Lidsoupcont Rp12dn",
      "price": "3.52"
    },
    {
      "uuid": "274dd181-fe2c-4b68-bd04-3225b43e1f61",
      "product": "Chocolate Bar - Reese Pieces",
      "price": "6.69"
    },
    {
      "uuid": "e4c37834-fcbf-4503-b134-9d148cba50ed",
      "product": "Rice - Wild",
      "price": "3.60"
    },
    {
      "uuid": "95948747-43e5-4868-99b8-2aa356185f48",
      "product": "Bread Roll Foccacia",
      "price": "4.74"
    },
    {
      "uuid": "1862bcfd-8bcc-44d1-b084-ac14a039bd67",
      "product": "Curry Paste - Madras",
      "price": "6.94"
    },
    {
      "uuid": "75acfe61-fca2-4860-9d69-59d82a1e6ae2",
      "product": "Carbonated Water - Orange",
      "price": "4.73"
    },
    {
      "uuid": "6b14b6d2-a74f-435a-8ccb-82babc3d5777",
      "product": "Ranchero - Primerba, Paste",
      "price": "8.88"
    },
    {
      "uuid": "9c6dc0a0-738c-4cfc-b4ac-51d3199f0f2d",
      "product": "Dawn Professionl Pot And Pan",
      "price": "6.74"
    },
    {
      "uuid": "4dd9b2af-9b5d-442f-89c8-e33f83bb82ed",
      "product": "Lady Fingers",
      "price": "0.23"
    },
    {
      "uuid": "e7b70f93-9407-4a44-b621-fb1564b34d6a",
      "product": "Cup Translucent 9 Oz",
      "price": "1.32"
    },
    {
      "uuid": "1802e321-4fb3-47c7-812d-d4a15fed479e",
      "product": "Pur Source",
      "price": "9.12"
    },
    {
      "uuid": "1c0e3cce-6d17-4e8a-83c4-4cf280e5c995",
      "product": "Basil - Fresh",
      "price": "1.72"
    },
    {
      "uuid": "59a0e180-22f3-45ad-a033-f29604818317",
      "product": "Silicone Parch. 16.3x24.3",
      "price": "0.65"
    },
    {
      "uuid": "a693bba5-882a-43a8-ae5c-f0ee1a29fecf",
      "product": "Gingerale - Schweppes, 355 Ml",
      "price": "0.68"
    },
    {
      "uuid": "706caae0-23d1-4931-a886-17a5663daa09",
      "product": "Bread - Roll, Italian",
      "price": "7.06"
    },
    {
      "uuid": "d8707620-eebe-4622-83cc-3c3b0a9a97ac",
      "product": "Foam Cup 6 Oz",
      "price": "1.02"
    },
    {
      "uuid": "be8c5836-e834-4ac8-afea-eb35003def9a",
      "product": "Muffin - Mix - Bran And Maple 15l",
      "price": "8.13"
    },
    {
      "uuid": "9ce3c621-1454-483d-9d8a-4cfe213ba7e0",
      "product": "Sobe - Lizard Fuel",
      "price": "9.51"
    },
    {
      "uuid": "a6c022a6-9f7f-4a01-a67c-11d24d0519aa",
      "product": "Cheese - Parmigiano Reggiano",
      "price": "2.13"
    },
    {
      "uuid": "c2a5a9bc-7af6-4f0c-9385-7665dfef3509",
      "product": "Wooden Mop Handle",
      "price": "1.31"
    },
    {
      "uuid": "e7cf3fdc-7e50-4cd8-b11c-52d5fe7c3a91",
      "product": "Appetizer - Smoked Salmon / Dill",
      "price": "7.08"
    },
    {
      "uuid": "7d3af8b1-3755-4772-8f8d-72e25b1abefa",
      "product": "Tendrils - Baby Pea, Organic",
      "price": "7.89"
    },
    {
      "uuid": "dceb8833-12a7-4b72-b3f4-96af415269b5",
      "product": "Honey - Liquid",
      "price": "6.53"
    },
    {
      "uuid": "a2022ba5-c7d4-4d1a-ae5b-3bf9c4f9fd14",
      "product": "Cranberries - Frozen",
      "price": "6.61"
    },
    {
      "uuid": "43033cf0-7cff-4259-b566-8393270ff2e3",
      "product": "Garbage Bags - Clear",
      "price": "5.83"
    },
    {
      "uuid": "6d528ef4-20cb-4ee9-8868-e0797b7b09cd",
      "product": "Beef - Bones, Marrow",
      "price": "4.59"
    },
    {
      "uuid": "62019d05-976b-44e1-b0fd-381e83a31cdc",
      "product": "Tea - Green",
      "price": "5.86"
    },
    {
      "uuid": "1b91adf5-e2a2-4f14-80c2-48d0679263b8",
      "product": "Wine - Red, Cabernet Merlot",
      "price": "0.47"
    },
    {
      "uuid": "e0700527-a779-4298-98ba-ca8906df5fa9",
      "product": "Broccoli - Fresh",
      "price": "2.20"
    },
    {
      "uuid": "3f89b1ec-6728-4fab-ab01-b6924c27186c",
      "product": "Flour - Fast / Rapid",
      "price": "8.04"
    },
    {
      "uuid": "67d02bfe-5089-4aa3-9b8a-5157eb68b4fe",
      "product": "Wine - White, Riesling, Semi - Dry",
      "price": "9.62"
    },
    {
      "uuid": "55840439-0e02-44bb-85f9-53418bbe7faa",
      "product": "Pasta - Fusili Tri - Coloured",
      "price": "2.41"
    },
    {
      "uuid": "d9eae676-6a3a-4739-ac4b-922d25e251aa",
      "product": "Tea Peppermint",
      "price": "8.89"
    },
    {
      "uuid": "fecde8c1-1b65-4166-9850-eceb3c119f29",
      "product": "Tomatoes",
      "price": "0.10"
    },
    {
      "uuid": "f6afd870-0c0c-425e-a428-761f6c96453d",
      "product": "Pants Custom Dry Clean",
      "price": "0.91"
    },
    {
      "uuid": "5dabdf82-84ec-4c92-a324-1a1375e0d3f1",
      "product": "Appetizer - Lobster Phyllo Roll",
      "price": "8.70"
    },
    {
      "uuid": "c499e7bf-1174-478b-b8a5-7eb18d413a2e",
      "product": "Oven Mitt - 13 Inch",
      "price": "1.43"
    },
    {
      "uuid": "9ec73144-dcdf-4b3d-854d-3aa35a954d07",
      "product": "Soup - Campbells Beef Stew",
      "price": "4.15"
    },
    {
      "uuid": "cf62c0ab-fa49-4768-ad2e-a3f8cde87077",
      "product": "Cumin - Ground",
      "price": "6.74"
    },
    {
      "uuid": "281aac9e-0886-48df-b900-068d31634fc2",
      "product": "Squash - Pattypan, Yellow",
      "price": "2.49"
    },
    {
      "uuid": "55288a09-a83a-40fc-b6b5-e7f20253ecfe",
      "product": "Sachet",
      "price": "5.75"
    },
    {
      "uuid": "86739391-ba6b-4489-9ffa-f2697e6a1f46",
      "product": "Veal - Nuckle",
      "price": "7.11"
    },
    {
      "uuid": "ee94583c-e00b-4501-869f-57a79dcfc6ce",
      "product": "Wine - Casillero Deldiablo",
      "price": "5.31"
    },
    {
      "uuid": "210e0a74-5581-498d-9a8d-d2b69ba5be51",
      "product": "Pepper - Black, Crushed",
      "price": "4.42"
    },
    {
      "uuid": "a342e494-de29-4c32-9780-ad8c85a66de7",
      "product": "Wheat - Soft Kernal Of Wheat",
      "price": "2.40"
    },
    {
      "uuid": "f9a5b5d3-6e59-459b-8af7-1ebb6575cf12",
      "product": "Sprouts - Alfalfa",
      "price": "8.71"
    },
    {
      "uuid": "1d0ea762-ff22-4172-a876-fd06b5e68dbd",
      "product": "Lamb - Whole Head Off,nz",
      "price": "9.80"
    },
    {
      "uuid": "9509d0fb-4b60-427c-a5b0-b891d352bd8f",
      "product": "Tortillas - Flour, 10",
      "price": "1.53"
    },
    {
      "uuid": "5f9ab425-ab4d-4c06-9958-c4bb726d651b",
      "product": "Chinese Foods - Cantonese",
      "price": "4.07"
    },
    {
      "uuid": "9e125b4b-520f-40d0-8fcd-08ee10042176",
      "product": "Flower - Leather Leaf Fern",
      "price": "2.94"
    },
    {
      "uuid": "9f46190e-9201-473c-a310-5f9511de18f7",
      "product": "Wine - White, Colubia Cresh",
      "price": "8.41"
    },
    {
      "uuid": "d4f344a3-f4ca-4584-a733-5adbc34591aa",
      "product": "Sauce - Marinara",
      "price": "0.97"
    },
    {
      "uuid": "40702f37-ecb6-45fa-b24a-c219f6570647",
      "product": "Worcestershire Sauce",
      "price": "8.45"
    },
    {
      "uuid": "ab646aa0-fa07-4503-8e81-db001a7e6cfc",
      "product": "Magnotta - Bel Paese White",
      "price": "3.47"
    },
    {
      "uuid": "9504da74-a8e4-4d3c-9f4d-a1a2e0675ed8",
      "product": "Grapefruit - Pink",
      "price": "2.44"
    },
    {
      "uuid": "bccfac2d-daf7-46c2-a38d-b66a3fac84e5",
      "product": "Artichoke - Bottom, Canned",
      "price": "5.23"
    },
    {
      "uuid": "d9e718ab-9a85-4432-a16e-bce862d38c3b",
      "product": "Lemonade - Black Cherry, 591 Ml",
      "price": "5.66"
    },
    {
      "uuid": "da62c5a5-153b-491d-8141-bfa909216211",
      "product": "Beef - Flank Steak",
      "price": "3.42"
    },
    {
      "uuid": "2118b4e8-4553-4c02-8541-a81dc792f23f",
      "product": "Coffee - Flavoured",
      "price": "3.50"
    },
    {
      "uuid": "1d86432b-cddf-4d5e-a75e-d8eb497ccaf0",
      "product": "Cookie Double Choco",
      "price": "9.80"
    },
    {
      "uuid": "5dc605ea-d73a-400f-a66b-0b75e81bc2ca",
      "product": "Liquid Aminios Acid - Braggs",
      "price": "1.69"
    },
    {
      "uuid": "912f4fb5-6190-427c-92ae-6b0aac6ec628",
      "product": "Onions - Cippolini",
      "price": "4.02"
    },
    {
      "uuid": "edc09738-0acd-4d32-9b7f-6d20015cf4ac",
      "product": "Nougat - Paste / Cream",
      "price": "8.42"
    },
    {
      "uuid": "ba6b34ed-1c0b-42ec-a41f-f196ff73c67d",
      "product": "Wine - George Duboeuf Rose",
      "price": "6.61"
    },
    {
      "uuid": "c350f1f9-8c12-4e1c-ac87-125e3665f61d",
      "product": "Wine - White, Concha Y Toro",
      "price": "9.57"
    },
    {
      "uuid": "295f5eba-6980-4f20-a135-89a36c5c439d",
      "product": "Sea Urchin",
      "price": "8.78"
    },
    {
      "uuid": "54d70aa9-cd1a-415e-bafc-e0b7fea34086",
      "product": "Pasta - Shells, Medium, Dry",
      "price": "6.60"
    },
    {
      "uuid": "f41605fd-5453-4fb8-be74-29c4b02498ad",
      "product": "Beef - Bones, Marrow",
      "price": "0.92"
    },
    {
      "uuid": "bd657da7-566f-420f-ab18-fac1fc5c61f7",
      "product": "Lettuce - Sea / Sea Asparagus",
      "price": "6.38"
    },
    {
      "uuid": "d2757be9-63e2-4c01-be97-110051d3d362",
      "product": "Truffle Cups - Brown",
      "price": "6.39"
    },
    {
      "uuid": "38f2cb2a-6cc7-4fc7-9730-6bff8a8f60aa",
      "product": "Sauce - Soy Low Sodium - 3.87l",
      "price": "9.70"
    },
    {
      "uuid": "17b164ff-af3c-449b-83a1-dfdc022ab716",
      "product": "Puree - Blackcurrant",
      "price": "8.81"
    },
    {
      "uuid": "8410182d-bb07-4a81-9153-cd9fa1660e1c",
      "product": "Calypso - Strawberry Lemonade",
      "price": "7.26"
    },
    {
      "uuid": "5fa94687-d84a-4d0a-af9d-3b77bd1bac30",
      "product": "Silicone Paper 16.5x24",
      "price": "4.15"
    },
    {
      "uuid": "031ff6ab-e68b-452e-9727-388c1f814b8b",
      "product": "Plums - Red",
      "price": "1.23"
    },
    {
      "uuid": "06ff3f65-e172-497a-aab2-f6b00e4f1693",
      "product": "Carbonated Water - Raspberry",
      "price": "4.48"
    },
    {
      "uuid": "57251828-2d11-4266-8649-914f40193838",
      "product": "Soup - Canadian Pea, Dry Mix",
      "price": "5.24"
    },
    {
      "uuid": "6f087efc-fdc5-4444-9be8-74d8465158f3",
      "product": "Cinnamon - Ground",
      "price": "7.00"
    },
    {
      "uuid": "742f7ef7-6932-49c9-a286-50f288fb676d",
      "product": "Cheese - Cottage Cheese",
      "price": "3.88"
    },
    {
      "uuid": "fc6f78cc-7800-4ec4-9f25-942eb922ed13",
      "product": "Coffee - Beans, Whole",
      "price": "3.35"
    },
    {
      "uuid": "7ad21a70-2391-4ee9-b148-805659173d09",
      "product": "Ice - Clear, 300 Lb For Carving",
      "price": "2.61"
    },
    {
      "uuid": "3ac98a82-8daa-4fcd-b4b5-fdf21450df16",
      "product": "Truffle Cups - Red",
      "price": "7.08"
    },
    {
      "uuid": "67dc9103-71fe-4c70-850a-d47dfe882e60",
      "product": "Sausage - Liver",
      "price": "5.99"
    },
    {
      "uuid": "06aedae8-ad65-4467-a727-0af1d2d7aa76",
      "product": "Doilies - 5, Paper",
      "price": "8.44"
    },
    {
      "uuid": "cbefaff0-12fe-47be-9cc8-96c1c31eecc1",
      "product": "Beer - Sleemans Cream Ale",
      "price": "0.74"
    },
    {
      "uuid": "ee7b990d-2f1c-46e3-8659-985513cb5d05",
      "product": "Veal - Inside Round / Top, Lean",
      "price": "0.58"
    },
    {
      "uuid": "32a669da-dbf6-42e8-a218-e52317a5f5aa",
      "product": "Flour - Whole Wheat",
      "price": "0.11"
    },
    {
      "uuid": "ef9eeb84-209d-4431-82cf-23e3a9ed737a",
      "product": "Praline Paste",
      "price": "3.17"
    },
    {
      "uuid": "69def70b-ba68-465b-8389-bd3018411e86",
      "product": "Lamb - Shoulder, Boneless",
      "price": "3.27"
    },
    {
      "uuid": "bfdccf9f-da09-40ba-ba63-965aafdb58cd",
      "product": "Chips Potato All Dressed - 43g",
      "price": "9.23"
    },
    {
      "uuid": "98b9fa0b-568a-42bb-aafc-3d93fd9944d1",
      "product": "Lighter - Bbq",
      "price": "8.16"
    },
    {
      "uuid": "9b5f86e1-85d9-4983-b7b7-4aa6f4083c2b",
      "product": "Silicone Parch. 16.3x24.3",
      "price": "9.88"
    },
    {
      "uuid": "474c1359-9058-431d-aeb7-b703f104a014",
      "product": "Wine - Sake",
      "price": "5.71"
    },
    {
      "uuid": "63daf13b-7f3e-49ea-9deb-aca432ddd5c2",
      "product": "Puree - Guava",
      "price": "1.96"
    },
    {
      "uuid": "991c1e6e-3d58-4f08-a76b-86d8c16e1812",
      "product": "Mushroom - Chanterelle Frozen",
      "price": "8.95"
    },
    {
      "uuid": "fdbc656d-7889-42c4-bfbd-cb1814d8e83c",
      "product": "Quinoa",
      "price": "7.01"
    },
    {
      "uuid": "2e555d19-50d9-404c-a746-bcaa6ab6ab66",
      "product": "Chevere Logs",
      "price": "5.50"
    },
    {
      "uuid": "d08dc583-ef81-43c3-b1c5-6c50774691ff",
      "product": "Pasta - Lasagna Noodle, Frozen",
      "price": "3.61"
    },
    {
      "uuid": "34ad3cdc-6bb4-4979-ac97-d30fc3e921b2",
      "product": "Laundry - Bag Cloth",
      "price": "5.73"
    },
    {
      "uuid": "e7311eb3-d3a5-449b-ae4d-828911bf3cfe",
      "product": "Pasta - Penne Primavera, Single",
      "price": "0.02"
    },
    {
      "uuid": "4b4a5c92-8610-4b88-8cd2-96b274423a70",
      "product": "Cake - Night And Day Choclate",
      "price": "1.88"
    },
    {
      "uuid": "e4f766b8-123a-495f-8ab2-e82430e2a5ad",
      "product": "Veal - Loin",
      "price": "2.18"
    },
    {
      "uuid": "c391cb47-981f-4980-aa4f-56826e96dece",
      "product": "Onions - Vidalia",
      "price": "6.57"
    },
    {
      "uuid": "5a75cac0-5c38-4955-a69a-d75a817b0158",
      "product": "Ice Cream - Strawberry",
      "price": "0.77"
    },
    {
      "uuid": "f6acb152-6b80-4278-aefe-22e114723e0d",
      "product": "Wine - Cotes Du Rhone Parallele",
      "price": "6.40"
    },
    {
      "uuid": "f479b3df-57f0-48e4-85e8-6114997e5efb",
      "product": "Rice Paper",
      "price": "5.02"
    },
    {
      "uuid": "2c338b06-23da-48cd-b6a7-733860d71748",
      "product": "Turkey - Breast, Boneless Sk On",
      "price": "0.82"
    },
    {
      "uuid": "eeef1065-dcef-43c5-8020-be7f7c64a0f2",
      "product": "Yoghurt Tubes",
      "price": "7.46"
    },
    {
      "uuid": "9e068f5e-a475-4fa7-80ba-8f5211124077",
      "product": "Veal - Knuckle",
      "price": "4.35"
    },
    {
      "uuid": "993428fc-4058-4505-93bf-a4fffdc611e4",
      "product": "Puree - Passion Fruit",
      "price": "5.04"
    },
    {
      "uuid": "49ba4c27-b545-4f01-9aae-a9c747fc3861",
      "product": "Appetizer - Sausage Rolls",
      "price": "8.41"
    },
    {
      "uuid": "8a671b8e-776c-4a79-b396-f2d39d47489c",
      "product": "Sea Bass - Whole",
      "price": "7.85"
    },
    {
      "uuid": "1d7e080e-5815-40ba-9423-349aa3814284",
      "product": "Salt - Seasoned",
      "price": "8.05"
    },
    {
      "uuid": "33b4a183-af14-418d-9fc5-26b11a3a4014",
      "product": "Beef - Sushi Flat Iron Steak",
      "price": "3.36"
    },
    {
      "uuid": "68a47428-db59-46ca-a0d1-f1d8889c5329",
      "product": "Steel Wool S.o.s",
      "price": "8.08"
    },
    {
      "uuid": "af6fbd76-6ebe-4da2-bcaa-a4f03e8d338a",
      "product": "Wine - Champagne Brut Veuve",
      "price": "6.87"
    },
    {
      "uuid": "daa31712-9872-459f-b409-65b52588c65e",
      "product": "Chocolate - Milk",
      "price": "5.79"
    },
    {
      "uuid": "902829de-877e-4f28-b435-5cd34f28f195",
      "product": "Oil - Olive Bertolli",
      "price": "1.79"
    },
    {
      "uuid": "a50fc47c-b51f-49a7-a453-d5f2ae0a594a",
      "product": "Raspberries - Frozen",
      "price": "0.38"
    },
    {
      "uuid": "d3fdad77-ab50-4151-aa73-90593001fd34",
      "product": "Artichoke - Bottom, Canned",
      "price": "5.11"
    },
    {
      "uuid": "13710573-3694-43c6-88cc-6f82921fc30e",
      "product": "Cumin - Ground",
      "price": "1.11"
    },
    {
      "uuid": "c5e62fc6-de3b-4948-8fce-a94141c9f535",
      "product": "Prunes - Pitted",
      "price": "9.43"
    },
    {
      "uuid": "f5259d56-e944-4dc2-bc15-231e9c87e3f6",
      "product": "Browning Caramel Glace",
      "price": "2.00"
    },
    {
      "uuid": "d9f83d01-831a-438f-bcc1-bc7fd81b540f",
      "product": "Cake Circle, Paprus",
      "price": "5.48"
    },
    {
      "uuid": "3b10155f-d244-4657-9c1c-e39aa677b2d6",
      "product": "Curry Powder Madras",
      "price": "6.67"
    },
    {
      "uuid": "e17c1e93-e5c7-4f14-9757-f3f2d76039d8",
      "product": "Shrimp - 16 - 20 Cooked, Peeled",
      "price": "5.75"
    },
    {
      "uuid": "d55afa5f-befa-492f-ae8a-df001e8f4303",
      "product": "Cookies - Amaretto",
      "price": "8.89"
    },
    {
      "uuid": "ecd09e9d-38bd-4b26-ad94-46565855f0db",
      "product": "Juice - Orange, Concentrate",
      "price": "9.28"
    },
    {
      "uuid": "49aeca1a-3c80-4781-add1-0fa8d51c9711",
      "product": "Pasta - Rotini, Colour, Dry",
      "price": "3.07"
    },
    {
      "uuid": "a2b965b8-2c39-41f8-ac98-aa3ec6b5b3b5",
      "product": "Soup - Campbells, Chix Gumbo",
      "price": "8.19"
    },
    {
      "uuid": "67e00de4-cc68-4683-8629-75136a0d1bed",
      "product": "Sugar - Sweet N Low, Individual",
      "price": "5.50"
    },
    {
      "uuid": "ed9a4db2-7183-4fe9-845c-bee11c754fbd",
      "product": "Sugar Thermometer",
      "price": "4.18"
    },
    {
      "uuid": "f693fb2b-2920-42dc-875c-46f022b82520",
      "product": "Sauce - Soya, Dark",
      "price": "1.39"
    },
    {
      "uuid": "4277172a-b99a-4aa2-8df9-f8c8848f6f5b",
      "product": "Pork - Sausage, Medium",
      "price": "3.67"
    },
    {
      "uuid": "3fef20bf-3117-4384-9e2f-362e3d39d942",
      "product": "Beans - Wax",
      "price": "2.40"
    },
    {
      "uuid": "e2440213-8d71-42ce-9121-b3a3ade33b59",
      "product": "Beer - Mill St Organic",
      "price": "5.96"
    },
    {
      "uuid": "d4442d2b-db0c-4c87-90c8-b28d7b6b79f4",
      "product": "Lobster - Base",
      "price": "5.16"
    },
    {
      "uuid": "d681a950-967e-48c3-9302-fce260274da4",
      "product": "Plastic Arrow Stir Stick",
      "price": "0.03"
    },
    {
      "uuid": "edff97a9-74a3-42da-8ada-48fa5ee07896",
      "product": "Cactus Pads",
      "price": "5.03"
    },
    {
      "uuid": "4be4388c-3b77-4dcc-be74-49ecb5f66d98",
      "product": "Wine - Chenin Blanc K.w.v.",
      "price": "2.18"
    },
    {
      "uuid": "76f7f1ff-bdef-475f-b4f3-28b24b1e1eba",
      "product": "Lid Tray - 12in Dome",
      "price": "0.54"
    },
    {
      "uuid": "8959086b-b129-41d6-8e14-1272df556ea1",
      "product": "Cod - Black Whole Fillet",
      "price": "5.81"
    },
    {
      "uuid": "5809f611-3087-45fe-a207-ac880f48bb58",
      "product": "Beef - Cow Feet Split",
      "price": "8.84"
    },
    {
      "uuid": "ad9bba33-2433-4657-ade7-47afe515efd0",
      "product": "Bouq All Italian - Primerba",
      "price": "1.18"
    },
    {
      "uuid": "4c08cab7-7621-4bc1-bbdd-abafcb4e3c5e",
      "product": "Soup - Campbells, Spinach Crm",
      "price": "2.10"
    },
    {
      "uuid": "2d4330a2-7236-4c9c-8f95-92ab148cafc8",
      "product": "Veal - Insides Provini",
      "price": "2.11"
    },
    {
      "uuid": "b91df254-774e-4143-92dd-a54ab8047b9b",
      "product": "Cookie Choc",
      "price": "5.74"
    },
    {
      "uuid": "47fda8ac-067b-48b9-885e-fedbfdaa6123",
      "product": "Wine - White, Antinore Orvieto",
      "price": "2.86"
    },
    {
      "uuid": "86a73d1d-2610-4322-afbe-e3d36058e902",
      "product": "V8 - Vegetable Cocktail",
      "price": "1.50"
    },
    {
      "uuid": "13a2ead9-244b-49c3-8a79-87ebdae29f01",
      "product": "Magnotta - Bel Paese White",
      "price": "3.50"
    },
    {
      "uuid": "ea34bb5b-b075-48e6-b7c8-a1f79b05dc5f",
      "product": "Beans - Fava, Canned",
      "price": "2.69"
    },
    {
      "uuid": "65cfab54-5eb9-4420-be6e-c9bf41540123",
      "product": "Shrimp - Black Tiger 16/20",
      "price": "0.06"
    },
    {
      "uuid": "8898bbcd-a7c5-4e72-8218-cd159925c672",
      "product": "Water - Tonic",
      "price": "1.83"
    },
    {
      "uuid": "217b8e51-16bf-4168-a0df-047273774a76",
      "product": "Uniform Linen Charge",
      "price": "7.86"
    },
    {
      "uuid": "bbd805a0-6cb2-4185-a470-b1eef71a0482",
      "product": "Soup - Campbells, Classic Chix",
      "price": "3.94"
    },
    {
      "uuid": "a28d5c4c-2449-409f-bea6-52738584a571",
      "product": "Kippers - Smoked",
      "price": "0.81"
    },
    {
      "uuid": "7057127c-236c-49f7-bb0d-0176ea4c9749",
      "product": "Squash - Pattypan, Yellow",
      "price": "0.23"
    },
    {
      "uuid": "8d067ec6-1a03-4704-b5bf-5c211af593e1",
      "product": "Oil - Margarine",
      "price": "5.91"
    },
    {
      "uuid": "b5a03c09-e1ea-4a76-a0f5-2b16e47d95a2",
      "product": "Plate Pie Foil",
      "price": "0.66"
    },
    {
      "uuid": "a3c461cc-5c2f-4eac-8fbd-d50c686d9b29",
      "product": "Soup - Knorr, Chicken Noodle",
      "price": "7.46"
    },
    {
      "uuid": "d5a8686c-96a9-4a59-96a9-b9b78d96466e",
      "product": "Sherbet - Raspberry",
      "price": "8.27"
    },
    {
      "uuid": "91848e92-800b-42f1-afe2-62cdca3c2a96",
      "product": "Pastry - Choclate Baked",
      "price": "8.50"
    },
    {
      "uuid": "ac9cf886-00e4-4e06-a8dd-1b0f4a2a7070",
      "product": "Chilli Paste, Sambal Oelek",
      "price": "5.21"
    },
    {
      "uuid": "b3e1d611-9097-4157-937e-b9d5e8182235",
      "product": "Amarula Cream",
      "price": "1.77"
    },
    {
      "uuid": "544b84ff-6e40-4825-a594-148caba09a9c",
      "product": "Island Oasis - Magarita Mix",
      "price": "7.05"
    },
    {
      "uuid": "b7f8fef0-fd06-4d1d-bb7b-08ea9ba13c8d",
      "product": "Steel Wool",
      "price": "0.75"
    },
    {
      "uuid": "c26cda33-e743-4a16-8dac-69bd775d468a",
      "product": "Cookies Cereal Nut",
      "price": "7.78"
    },
    {
      "uuid": "738ba325-9290-406f-91bf-159f9c1d0742",
      "product": "Yeast Dry - Fleischman",
      "price": "2.25"
    },
    {
      "uuid": "0b16e889-1418-4504-8dc2-f54ea8ee1e83",
      "product": "Cabbage - Nappa",
      "price": "8.86"
    },
    {
      "uuid": "9e9ae85f-e964-4421-838a-bf7af97e0c5f",
      "product": "Glass - Wine, Plastic, Clear 5 Oz",
      "price": "9.95"
    },
    {
      "uuid": "282473cf-dd80-4fd9-86da-6a9da074b257",
      "product": "Plastic Wrap",
      "price": "8.01"
    },
    {
      "uuid": "069cd5a5-7511-46d5-bd36-242382678065",
      "product": "Flower - Carnations",
      "price": "3.10"
    },
    {
      "uuid": "10ff9ed3-92e3-41e5-a4eb-7f78ce9ab5f8",
      "product": "Tea - Decaf Lipton",
      "price": "8.08"
    },
    {
      "uuid": "8d6677f0-7cbc-42d9-8b3d-44410723a889",
      "product": "Appetizer - Assorted Box",
      "price": "8.71"
    },
    {
      "uuid": "3a08b60b-ee45-4d6b-becf-b094bca88a66",
      "product": "Extract Vanilla Pure",
      "price": "1.11"
    },
    {
      "uuid": "99f26db4-5bd6-4a15-86dc-304a2c9ab00d",
      "product": "Puree - Guava",
      "price": "1.69"
    },
    {
      "uuid": "044b6446-e772-4165-8ccd-7fc7abf90604",
      "product": "Ocean Spray - Kiwi Strawberry",
      "price": "6.03"
    },
    {
      "uuid": "f0e4174e-4851-412e-aa30-0c29c73ffcc5",
      "product": "Veal - Bones",
      "price": "3.93"
    },
    {
      "uuid": "5e45757c-029f-4ad9-92ee-50c10774b575",
      "product": "Orange Roughy 4/6 Oz",
      "price": "1.64"
    },
    {
      "uuid": "64371401-d8ab-4e26-af34-c7135394d24a",
      "product": "Wooden Mop Handle",
      "price": "1.89"
    },
    {
      "uuid": "6f16f527-8d5b-43f5-9bb6-73a85ebef64a",
      "product": "Onions - Spanish",
      "price": "6.86"
    },
    {
      "uuid": "68a699c5-ca88-4794-9e27-79449487117c",
      "product": "Lettuce - Romaine, Heart",
      "price": "5.83"
    },
    {
      "uuid": "9eb95cf5-a370-459e-9fe0-6c359fcaa143",
      "product": "Milkettes - 2%",
      "price": "6.96"
    },
    {
      "uuid": "a754a144-52bc-451f-a9fc-270863b08ae4",
      "product": "Tortillas - Flour, 10",
      "price": "5.42"
    },
    {
      "uuid": "e055ac9f-6148-48a8-8afe-09c038bc08f9",
      "product": "Pasta - Lasagna, Dry",
      "price": "4.84"
    },
    {
      "uuid": "d22a9ef4-10d0-4b78-815e-2c95a68facd4",
      "product": "Glaze - Clear",
      "price": "8.23"
    },
    {
      "uuid": "32b0021d-3655-47c9-a551-357141951b72",
      "product": "Soup - Tomato Mush. Florentine",
      "price": "4.32"
    },
    {
      "uuid": "5a7977ea-cb27-453c-b279-4809e54e571e",
      "product": "Wine - Prosecco Valdobienne",
      "price": "8.25"
    },
    {
      "uuid": "d86d57c2-e28c-4c90-99eb-a001d53dff7d",
      "product": "Blue Curacao - Marie Brizard",
      "price": "6.78"
    },
    {
      "uuid": "86aa6ada-4f44-4c55-a3d5-17f8a3942caf",
      "product": "Melon - Watermelon, Seedless",
      "price": "9.13"
    },
    {
      "uuid": "a52cdb06-0e96-42db-9084-939af8cd3774",
      "product": "Lamb - Rack",
      "price": "6.76"
    },
    {
      "uuid": "1d80de53-dcab-43dd-99d6-f1fd95ddaa5a",
      "product": "Beef - Prime Rib Aaa",
      "price": "6.91"
    },
    {
      "uuid": "ba269ce8-1d83-4555-8d82-d13e189c4982",
      "product": "Creme De Banane - Marie",
      "price": "8.25"
    },
    {
      "uuid": "f2074057-dc69-4fe1-bd2b-9d3acd4e5d5d",
      "product": "Tamarillo",
      "price": "6.62"
    },
    {
      "uuid": "9b610298-7cc7-4091-9533-6356403f355a",
      "product": "Dc - Sakura Fu",
      "price": "2.11"
    },
    {
      "uuid": "0283942e-448b-4561-856b-68df7c99723b",
      "product": "Pineapple - Canned, Rings",
      "price": "1.43"
    },
    {
      "uuid": "30218fb3-2ed1-4d26-b6a4-3660fc3a3deb",
      "product": "Creme De Cacao Mcguines",
      "price": "3.92"
    },
    {
      "uuid": "70b202d5-c614-407c-a3c8-d01b42d45d7b",
      "product": "Beer - Upper Canada Lager",
      "price": "0.92"
    },
    {
      "uuid": "a7c45ae6-5833-482b-b9ca-4e0bdd3d4ca1",
      "product": "Napkin - Beverge, White 2 - Ply",
      "price": "5.45"
    },
    {
      "uuid": "71c7df48-66c1-4c56-b0db-9ea9d8378969",
      "product": "Wine - Pinot Noir Mondavi Coastal",
      "price": "8.26"
    },
    {
      "uuid": "9a0b3c72-fa59-4ae1-902d-8170d482b352",
      "product": "Sprouts - Corn",
      "price": "8.56"
    },
    {
      "uuid": "82b16d8d-41be-4333-a54f-cc7c30b66d23",
      "product": "Calvados - Boulard",
      "price": "2.23"
    },
    {
      "uuid": "d1b79c2b-6acf-4652-bf74-59ab5da4b149",
      "product": "Wooden Mop Handle",
      "price": "6.53"
    },
    {
      "uuid": "004f54c3-37a4-4f30-888e-512c8b340b78",
      "product": "Scampi Tail",
      "price": "1.45"
    },
    {
      "uuid": "6dff90f8-77d4-4276-ab67-daab240460ee",
      "product": "Ginger - Pickled",
      "price": "4.27"
    },
    {
      "uuid": "88db2940-78bf-4744-8f5d-029d4caa9dd4",
      "product": "Grapefruit - Pink",
      "price": "9.61"
    },
    {
      "uuid": "5d718375-0ab6-4d46-bfdf-d5b6fcee8c45",
      "product": "Sproutsmustard Cress",
      "price": "5.31"
    },
    {
      "uuid": "5bf5e288-b18f-493b-809d-0f7e9cb1b9a7",
      "product": "Beef - Top Butt",
      "price": "3.31"
    },
    {
      "uuid": "3c6dba77-ab75-4136-b0a2-2eba13709f9c",
      "product": "Compound - Rum",
      "price": "7.68"
    },
    {
      "uuid": "12a7f4df-f9c4-47d2-ae6f-cf03e206c917",
      "product": "Beef Flat Iron Steak",
      "price": "1.09"
    },
    {
      "uuid": "8ffcc5cf-9ea8-4228-ad57-884a52372f4e",
      "product": "Napkin - Beverage 1 Ply",
      "price": "4.15"
    },
    {
      "uuid": "4d0ad8f7-c3e6-456c-aceb-c4b00b08fd50",
      "product": "Fish - Base, Bouillion",
      "price": "1.65"
    },
    {
      "uuid": "34079abf-58f1-4785-9772-121d06efb7dc",
      "product": "Yukon Jack",
      "price": "9.41"
    },
    {
      "uuid": "0c64e434-d69c-4d42-b0c1-682e19b5b659",
      "product": "Dc Hikiage Hira Huba",
      "price": "6.61"
    },
    {
      "uuid": "67b974c5-389b-435f-b313-e4033eedec57",
      "product": "Red Pepper Paste",
      "price": "5.89"
    },
    {
      "uuid": "2c6c65ef-4fa7-4571-bee1-f21e8a0aa3c0",
      "product": "Juice - Prune",
      "price": "3.94"
    },
    {
      "uuid": "db3cbaf0-8dc5-403c-b096-b8b030ef5780",
      "product": "Ice Cream Bar - Oreo Sandwich",
      "price": "7.78"
    },
    {
      "uuid": "66ed070f-e865-47dd-b7df-2e3c3acd1b76",
      "product": "Hog / Sausage Casing - Pork",
      "price": "5.99"
    },
    {
      "uuid": "519f2017-bdef-4913-a3b1-492810273281",
      "product": "Roe - White Fish",
      "price": "8.64"
    },
    {
      "uuid": "905dd71e-0c7c-40e7-9fb9-0bf9f1aeb3bd",
      "product": "Rum - Mount Gay Eclipes",
      "price": "1.98"
    },
    {
      "uuid": "9612b20b-1387-4137-9a9b-6c13b3a81a24",
      "product": "Bread - Raisin Walnut Pull",
      "price": "6.89"
    },
    {
      "uuid": "fd77a49a-ae6e-4fc0-bf4c-e62d3e2905dc",
      "product": "Lid - 0090 Clear",
      "price": "5.80"
    },
    {
      "uuid": "b0bbb451-b56a-43c5-b304-03986bd87d55",
      "product": "Cup - Paper 10oz 92959",
      "price": "9.73"
    },
    {
      "uuid": "c0c78b2c-f02e-4103-9ac4-51cefff9a6ca",
      "product": "Squash - Sunburst",
      "price": "0.12"
    },
    {
      "uuid": "f2d60d63-7434-463e-92ea-23ed7c8f7eeb",
      "product": "Beer - Guiness",
      "price": "1.61"
    },
    {
      "uuid": "d7489c75-721b-4959-93f6-b4a5bece3299",
      "product": "Snails - Large Canned",
      "price": "6.79"
    },
    {
      "uuid": "30742134-d3da-4c4a-b5f8-c30cb12be8d3",
      "product": "Cleaner - Bleach",
      "price": "4.97"
    },
    {
      "uuid": "3a451c08-0493-4322-9423-66763e08351e",
      "product": "Pork - Belly Fresh",
      "price": "9.96"
    },
    {
      "uuid": "0e2d897e-a27d-49b3-ab53-c35374a82b09",
      "product": "Olives - Kalamata",
      "price": "1.57"
    },
    {
      "uuid": "8cec737f-f482-41e2-a011-5a2aa02ec683",
      "product": "Lettuce - Lambs Mash",
      "price": "9.93"
    },
    {
      "uuid": "f843bdd5-c078-4640-b0f2-faff077ae079",
      "product": "Ham - Smoked, Bone - In",
      "price": "2.92"
    },
    {
      "uuid": "a8e0ef0c-f665-4776-9e3a-70864a9c30d6",
      "product": "Dried Cranberries",
      "price": "4.10"
    },
    {
      "uuid": "9d4a23ef-d96e-47b9-a8af-60f8c809af7e",
      "product": "Veal - Inside, Choice",
      "price": "5.82"
    },
    {
      "uuid": "9b5a1f40-d5e9-443a-8200-47dc1fb423b7",
      "product": "Wine - Ej Gallo Sonoma",
      "price": "7.18"
    },
    {
      "uuid": "66f1bfbb-5de4-4e77-a4b4-1ffb2a12ba72",
      "product": "Water - Mineral, Carbonated",
      "price": "8.78"
    },
    {
      "uuid": "4b91ba2f-19bd-4686-8363-2facb3614432",
      "product": "Water, Tap",
      "price": "8.22"
    },
    {
      "uuid": "50da96db-9559-41d8-98eb-09c9864321d8",
      "product": "Wine - Zinfandel Rosenblum",
      "price": "4.20"
    },
    {
      "uuid": "2bd25b98-9919-4c0d-8199-e605d157e15f",
      "product": "Lemonade - Strawberry, 591 Ml",
      "price": "5.26"
    },
    {
      "uuid": "654bd95a-c6d2-4d84-8f9d-d99991b7daad",
      "product": "Whmis - Spray Bottle Trigger",
      "price": "8.04"
    },
    {
      "uuid": "52ebdd88-a167-49b6-894e-0ef975d57869",
      "product": "Wine - Trimbach Pinot Blanc",
      "price": "1.82"
    },
    {
      "uuid": "4afe04a1-cc5d-4f2d-9727-e3c350e47f12",
      "product": "Pork - Kidney",
      "price": "2.58"
    },
    {
      "uuid": "f05e6ca8-6231-4e2b-8bf7-1d47ef70b01b",
      "product": "Grand Marnier",
      "price": "6.67"
    },
    {
      "uuid": "86555abe-724b-4e3a-9455-95e2cf8e144a",
      "product": "Shrimp - Baby, Warm Water",
      "price": "8.57"
    },
    {
      "uuid": "ec2a1e7e-641f-437b-ba03-2a5429d3b5ba",
      "product": "Venison - Liver",
      "price": "9.04"
    },
    {
      "uuid": "de1e67ea-5bc5-4633-9b73-0f39f73e7587",
      "product": "Versatainer Nc - 8288",
      "price": "4.67"
    },
    {
      "uuid": "bcb46203-6145-443e-ac51-5e5420a893da",
      "product": "Bols Melon Liqueur",
      "price": "1.24"
    },
    {
      "uuid": "96b7fb5b-f34b-4a05-9ae3-8fb7ca1717e7",
      "product": "Sauce Bbq Smokey",
      "price": "5.99"
    },
    {
      "uuid": "62173a59-907d-494f-9ba4-d067e863d746",
      "product": "Pasta - Cannelloni, Sheets, Fresh",
      "price": "2.82"
    },
    {
      "uuid": "a866f13f-6b78-4836-a246-8a78dd144491",
      "product": "Langers - Mango Nectar",
      "price": "6.19"
    },
    {
      "uuid": "33df9330-2c32-4a62-8ace-8853205e495d",
      "product": "Cheese - Cheddar, Medium",
      "price": "1.17"
    },
    {
      "uuid": "700a56ac-4ad6-4923-8a46-3cea6664ad82",
      "product": "Bagelers",
      "price": "3.73"
    },
    {
      "uuid": "551ac52b-4a92-40fb-8ce3-ebfc4688b8ca",
      "product": "Cheese - Mozzarella, Buffalo",
      "price": "0.82"
    },
    {
      "uuid": "bb8eb148-3f4e-44c0-83d3-84528f5f53ed",
      "product": "Rice Pilaf, Dry,package",
      "price": "6.29"
    },
    {
      "uuid": "cd8e369b-c0f3-41cb-9a7c-bbc023e3d608",
      "product": "Pail - 4l White, With Handle",
      "price": "4.56"
    },
    {
      "uuid": "f7e525b3-3df9-4788-9c89-e51ad5f6f3c8",
      "product": "Shrimp - Black Tiger 8 - 12",
      "price": "8.90"
    },
    {
      "uuid": "56aa2ff6-6012-4365-b781-63c7b8c28a32",
      "product": "Bread Country Roll",
      "price": "1.26"
    },
    {
      "uuid": "be077cad-2f01-483c-b604-e8ef2fcd5deb",
      "product": "Flour - Whole Wheat",
      "price": "0.53"
    },
    {
      "uuid": "07de59af-f861-4ae2-8785-87fdb4a848e3",
      "product": "Chocolate - Chips Compound",
      "price": "7.63"
    },
    {
      "uuid": "e77c9085-f648-4118-b678-72eb536fdeb8",
      "product": "Potatoes - Mini White 3 Oz",
      "price": "1.98"
    },
    {
      "uuid": "7ce72aa6-e356-4fe1-8095-ea7220eef3c9",
      "product": "Flower - Commercial Bronze",
      "price": "2.83"
    },
    {
      "uuid": "eeb36dda-7e61-4a09-8645-1d500efefaf1",
      "product": "Beer - True North Strong Ale",
      "price": "8.04"
    },
    {
      "uuid": "4b97d3a0-6767-4b63-85a5-f721a830350d",
      "product": "Icecream - Dibs",
      "price": "1.89"
    },
    {
      "uuid": "9e84847a-3090-4c15-9621-fc71d285f4af",
      "product": "Wine - White, Lindemans Bin 95",
      "price": "9.98"
    },
    {
      "uuid": "94b25a2c-1690-42a7-a58f-7bef7cba834e",
      "product": "Pepper Squash",
      "price": "6.19"
    },
    {
      "uuid": "7742c6f1-c717-4493-a35a-dd97bf1f4d65",
      "product": "Ice Cream Bar - Drumstick",
      "price": "9.78"
    },
    {
      "uuid": "ed64595f-45a8-4f89-8a83-2aa5795c0daf",
      "product": "Everfresh Products",
      "price": "0.48"
    },
    {
      "uuid": "bf169b09-10a7-4b4a-b742-62633f72b4d5",
      "product": "Figs",
      "price": "0.27"
    },
    {
      "uuid": "95b55730-26a3-4eaa-bdf1-a4e05f3ae513",
      "product": "Pork - Smoked Back Bacon",
      "price": "2.80"
    },
    {
      "uuid": "cf8a77cb-2302-4392-8913-7cd3378f6609",
      "product": "Capon - Breast, Double, Wing On",
      "price": "8.62"
    },
    {
      "uuid": "4e4854b0-d525-4d24-b3d3-4d2f77049987",
      "product": "Cake - Miini Cheesecake Cherry",
      "price": "0.42"
    },
    {
      "uuid": "dfa7e984-2449-4dec-9868-f7844ffcb768",
      "product": "Bag Stand",
      "price": "0.52"
    },
    {
      "uuid": "8ea3040b-c193-4e90-850d-9ed4009d9357",
      "product": "Melon - Watermelon Yellow",
      "price": "3.21"
    },
    {
      "uuid": "6ecd90ab-4276-4ce3-8605-df683db5d9ed",
      "product": "Sauce - Caesar Dressing",
      "price": "1.80"
    },
    {
      "uuid": "8700b5b7-2fa3-40ef-9b69-532805ef12b6",
      "product": "Mini - Vol Au Vents",
      "price": "5.18"
    },
    {
      "uuid": "06e39d31-a2b7-44ff-b738-c63645717c6c",
      "product": "Container - Foam Dixie 12 Oz",
      "price": "6.04"
    },
    {
      "uuid": "d9af7209-53ce-4f80-b6c9-a3e1ce8e0127",
      "product": "Sauce - Hollandaise",
      "price": "6.44"
    },
    {
      "uuid": "02a95bc8-2b4c-44cd-817f-57dd1788e8a0",
      "product": "Foil Wrap",
      "price": "3.02"
    },
    {
      "uuid": "61450dab-176f-4078-99d9-7987c0ff418d",
      "product": "Beef - Top Butt Aaa",
      "price": "9.79"
    },
    {
      "uuid": "87f78d5d-0b3b-4d12-b86b-65aa8fa0dbcb",
      "product": "Wine - Pinot Grigio Collavini",
      "price": "7.00"
    },
    {
      "uuid": "a8d856fd-8564-4b9b-808c-37c5e2e39363",
      "product": "7up Diet, 355 Ml",
      "price": "3.76"
    },
    {
      "uuid": "4f1bdd2b-2d29-47cb-a975-92d976aa0b68",
      "product": "Chick Peas - Dried",
      "price": "2.88"
    },
    {
      "uuid": "62f0c965-a15d-472f-9e52-56421f8ca562",
      "product": "Pork - Back, Long Cut, Boneless",
      "price": "8.19"
    },
    {
      "uuid": "e8aeaab3-d027-4900-a742-ea87126b5517",
      "product": "Steampan - Lid For Half Size",
      "price": "4.41"
    },
    {
      "uuid": "8a720a4b-0fa8-4933-a472-3abed2062ce4",
      "product": "Pepper - Yellow Bell",
      "price": "1.82"
    },
    {
      "uuid": "579055a2-25bc-479b-a250-94436aa61b92",
      "product": "Wine - Merlot Vina Carmen",
      "price": "6.14"
    },
    {
      "uuid": "f77cd53c-04e0-4236-8b51-7b6ab3c70d4b",
      "product": "Turkey - Breast, Double",
      "price": "0.72"
    },
    {
      "uuid": "b537b056-9cd7-4f0f-8f82-7a4cc4cebe33",
      "product": "Salmon - Sockeye Raw",
      "price": "4.10"
    },
    {
      "uuid": "49994c71-7815-471e-b042-42cd821f1d24",
      "product": "Longos - Grilled Salmon With Bbq",
      "price": "0.89"
    },
    {
      "uuid": "92d4bfcb-5c2c-40fd-9349-82e9baa38c84",
      "product": "The Pop Shoppe - Cream Soda",
      "price": "0.26"
    },
    {
      "uuid": "d22c7069-ccfb-43c0-b1a2-44ac38c76a45",
      "product": "Bread - English Muffin",
      "price": "9.87"
    },
    {
      "uuid": "2ae363e9-80f4-4ca6-aa47-85817b036bad",
      "product": "Cheese - Blue",
      "price": "8.82"
    },
    {
      "uuid": "44f53b66-d092-4fdd-bebe-8350cc28820c",
      "product": "Cabbage - Savoy",
      "price": "9.92"
    },
    {
      "uuid": "e66ec65e-45d6-4ffe-a8b9-7f3c18ad6fba",
      "product": "Juice - Tomato, 48 Oz",
      "price": "2.73"
    },
    {
      "uuid": "e9a66813-2a64-4aea-bbbe-abe22f58e2d7",
      "product": "Cheese - Woolwich Goat, Log",
      "price": "1.53"
    },
    {
      "uuid": "9663b661-d301-48e5-a1df-8a8180d7480c",
      "product": "Bread - Ciabatta Buns",
      "price": "5.13"
    },
    {
      "uuid": "b7b5bd52-32a4-4a12-89d3-08138e86dfc2",
      "product": "Sage Derby",
      "price": "2.23"
    },
    {
      "uuid": "dedb5016-2422-466f-8212-87b40a377e14",
      "product": "Wine - White, Gewurtzraminer",
      "price": "1.99"
    },
    {
      "uuid": "258ada38-d523-4989-920c-97a90d5fd727",
      "product": "Fish - Base, Bouillion",
      "price": "1.61"
    },
    {
      "uuid": "afa4182b-a64d-42b5-9df8-048122cd4a07",
      "product": "Yukon Jack",
      "price": "5.94"
    },
    {
      "uuid": "7b589b72-1654-4e19-a6e6-d803aeeb208a",
      "product": "Muffin Mix - Banana Nut",
      "price": "0.40"
    },
    {
      "uuid": "c03be5cf-21c4-4d0e-8f08-9b6a192778b9",
      "product": "Soup - Campbells Broccoli",
      "price": "6.18"
    },
    {
      "uuid": "227bea58-3071-412b-9fd7-e2cb4c5a6cca",
      "product": "Carbonated Water - Blackberry",
      "price": "4.36"
    },
    {
      "uuid": "6335090d-4902-4b15-8d9f-023da2a517a2",
      "product": "Ice Cream Bar - Hageen Daz To",
      "price": "0.30"
    },
    {
      "uuid": "f41082d2-da9b-4948-9f07-440c7ee5ae86",
      "product": "Wakami Seaweed",
      "price": "0.30"
    },
    {
      "uuid": "9508db6a-1117-473e-83b9-97661ee92d5c",
      "product": "Salt - Seasoned",
      "price": "4.87"
    },
    {
      "uuid": "7a32a025-c00d-41ec-993c-4a8d3cc4ec47",
      "product": "Tart Shells - Savory, 2",
      "price": "5.90"
    },
    {
      "uuid": "5a815584-a9f3-4881-a541-2c59bf536b1e",
      "product": "Steampan - Half Size Shallow",
      "price": "5.96"
    },
    {
      "uuid": "2221fe1f-f126-4557-9311-faa42907ccea",
      "product": "Ostrich - Fan Fillet",
      "price": "0.69"
    },
    {
      "uuid": "475c9ad3-76d7-42c2-ae9d-659ce32fc5f2",
      "product": "Veal - Bones",
      "price": "2.54"
    },
    {
      "uuid": "8a43c09f-007b-485b-8e8a-6425c7578370",
      "product": "Juice - Pineapple, 341 Ml",
      "price": "7.59"
    },
    {
      "uuid": "4f6c9ccb-eeca-4662-a591-d6f231092542",
      "product": "Tart Shells - Savory, 2",
      "price": "7.92"
    },
    {
      "uuid": "9ed12492-70c2-4ff5-9227-b17be08c8867",
      "product": "Cheese - St. Andre",
      "price": "7.35"
    },
    {
      "uuid": "8fa88941-94f9-4d0b-b160-f3822b7d3ac0",
      "product": "Bread - Ciabatta Buns",
      "price": "2.51"
    },
    {
      "uuid": "0b80aefe-0b46-425a-8438-4dfb366df952",
      "product": "Rabbit - Saddles",
      "price": "4.33"
    },
    {
      "uuid": "43c36256-3459-44e8-861b-8904b8b95a81",
      "product": "Cheese - Victor Et Berthold",
      "price": "1.64"
    },
    {
      "uuid": "522c1dfb-ac69-43c2-975e-738970e15e94",
      "product": "Pepper - Cayenne",
      "price": "6.08"
    },
    {
      "uuid": "eafa7164-a078-4419-89a6-348a73ce3b9f",
      "product": "Shrimp - 31/40",
      "price": "5.21"
    },
    {
      "uuid": "cd372b13-8db1-4052-b41a-3acb382a6fe7",
      "product": "Muffin Mix - Oatmeal",
      "price": "8.30"
    },
    {
      "uuid": "844a362d-88be-4d76-8937-97610a86779b",
      "product": "Soup - Campbells, Classic Chix",
      "price": "3.40"
    },
    {
      "uuid": "801e572e-34bd-41f6-abc9-3e72f62aa19a",
      "product": "Cilantro / Coriander - Fresh",
      "price": "2.89"
    },
    {
      "uuid": "1ec6fc13-96bd-4a5e-84ad-8270358b9a57",
      "product": "Oil - Truffle, White",
      "price": "7.01"
    },
    {
      "uuid": "16b65b1d-a65a-49ca-9ee9-d449dd40d652",
      "product": "Cake - Mini Potato Pancake",
      "price": "8.68"
    },
    {
      "uuid": "3587f74f-672e-4699-be9f-d0f10606a6e1",
      "product": "Apricots Fresh",
      "price": "2.13"
    },
    {
      "uuid": "2cf7874d-9f54-4b79-969a-0e9fc052791a",
      "product": "Bar Bran Honey Nut",
      "price": "9.01"
    },
    {
      "uuid": "2a936727-bbc9-42c1-adea-dfdc994a0ba6",
      "product": "Pasta - Penne, Lisce, Dry",
      "price": "0.82"
    },
    {
      "uuid": "eca3ebb4-e46a-439a-9bc2-eccfee1eee77",
      "product": "Nori Sea Weed",
      "price": "6.12"
    },
    {
      "uuid": "c31eb202-f7c6-41fc-b655-f7e90e96540b",
      "product": "Chick Peas - Canned",
      "price": "0.32"
    },
    {
      "uuid": "b17a99f3-ecac-4eb1-95c6-6e202c496845",
      "product": "Bread - Burger",
      "price": "9.59"
    },
    {
      "uuid": "f896507f-571c-4a7b-b280-178b38a389a8",
      "product": "Soup - Campbells, Beef Barley",
      "price": "4.59"
    },
    {
      "uuid": "32224fc3-1188-406e-9f8d-dec99f3f848c",
      "product": "Lemonade - Island Tea, 591 Ml",
      "price": "6.47"
    },
    {
      "uuid": "83130d86-0907-4911-a537-68d79f8bd4d6",
      "product": "Herb Du Provence - Primerba",
      "price": "6.45"
    },
    {
      "uuid": "62319b01-640b-48e3-856d-9cac8ad9067e",
      "product": "Lettuce - Sea / Sea Asparagus",
      "price": "3.88"
    },
    {
      "uuid": "5bde5341-dc9d-4b46-91b0-802d768f8902",
      "product": "Sobe - Liz Blizz",
      "price": "6.09"
    },
    {
      "uuid": "75275d36-8d08-4908-a397-64d679a7b7d7",
      "product": "Artichoke - Bottom, Canned",
      "price": "3.38"
    },
    {
      "uuid": "6617edde-710c-41bc-9083-da4ba953376c",
      "product": "Chips - Assorted",
      "price": "6.14"
    },
    {
      "uuid": "4ae4e2ae-01ed-4c36-9ec3-e598ae867573",
      "product": "Beef - Short Ribs",
      "price": "6.69"
    },
    {
      "uuid": "83a5b1f6-97e1-489f-8705-32c0d7891e7c",
      "product": "Lemonade - Island Tea, 591 Ml",
      "price": "8.87"
    },
    {
      "uuid": "1c4e62be-6d75-4b95-953f-ff0106e4ade3",
      "product": "Foil - Round Foil",
      "price": "8.49"
    },
    {
      "uuid": "17805a71-70a3-4f9c-a224-fc386438925e",
      "product": "Sauce - Rosee",
      "price": "4.05"
    },
    {
      "uuid": "b1f36df7-2879-4012-befa-7441394fc4f3",
      "product": "Mints - Striped Red",
      "price": "3.56"
    },
    {
      "uuid": "a244ee50-6d76-4992-b935-5d0d900ad296",
      "product": "Calypso - Lemonade",
      "price": "0.84"
    }
  ]
}
